{
  "sources": {
    "apis": {
      "openai": {
        "url": "https://api.openai.com/v1/models",
        "headers": {
          "Authorization": "Bearer ${OPENAI_API_KEY}"
        }
      },
      "anthropic": {
        "url": "https://api.anthropic.com/v1/models",
        "headers": {
          "x-api-key": "${ANTHROPIC_API_KEY}",
          "anthropic-version": "2023-06-01"
        }
      }
    },
    "rss_feeds": {
      "techcrunch": "https://techcrunch.com/feed/",
      "venturebeat": "https://feeds.feedburner.com/venturebeat/SZYF",
      "mit_tech_review": "https://www.technologyreview.com/topnews.rss",
      "ars_technica": "https://feeds.arstechnica.com/arstechnica/index",
      "the_verge": "https://www.theverge.com/rss/index.xml",
      "wired": "https://www.wired.com/feed/rss",
      "hacker_news_ai": "https://hnrss.org/frontpage",
      "ai_news": "https://artificialintelligence-news.com/feed/",
      "tecnoblog": "https://tecnoblog.net/feed/",
      "olhar_digital": "https://olhardigital.com.br/rss",
      "canaltech": "https://canaltech.com.br/rss/",
      "startups": "https://startupi.com.br/feed/"
    },
    "web_scraping": {
      "sites": [
        {
          "name": "thais_martan_linkedin",
          "url": "https://www.linkedin.com/in/thais-martan-1a116014/",
          "type": "linkedin",
          "enabled": true,
          "note": "Monitorar posts da Thais Martan sobre IA e tecnologia"
        },
        {
          "name": "thais_martan_instagram",
          "url": "https://www.instagram.com/thaismartan/",
          "type": "instagram",
          "enabled": true,
          "note": "Monitorar posts da Thais Martan no Instagram"
        }
      ]
    }
  }
}
